account_id,account_name,industry,country,signup_date,referral_source,plan_tier,seats,is_trial,churn_flag,total_mrr,total_arr,active_subscriptions,total_seats,usage_count_total,feature_count,ticket_count,avg_resolution_time,escalated_tickets,churn_date,churn_reason
A-2e4581,Company_0,EdTech,US,2024-10-16,partner,Basic,9,False,False,12603,151236,10,312,535,27,2.0,23.0,0.0,2024-12-05,budget
A-43a9e3,Company_1,FinTech,IN,2023-08-17,other,Basic,18,False,True,10004,120048,8,176,355,23,3.0,38.0,0.0,,
A-0a282f,Company_2,DevTools,US,2024-08-27,organic,Basic,1,False,False,18286,219432,15,282,821,34,3.0,43.666666666666664,0.0,2024-12-31,features
A-1f0ac7,Company_3,HealthTech,UK,2023-08-27,other,Basic,24,True,False,9275,111300,7,209,382,26,2.0,29.0,0.0,2024-11-08,support
A-ce550d,Company_4,HealthTech,US,2024-10-27,event,Enterprise,35,False,True,48761,585132,9,424,579,32,7.0,42.285714285714285,1.0,2024-12-28,budget
A-1b9609,Company_5,EdTech,IN,2023-10-12,ads,Enterprise,4,False,False,16810,201720,11,215,457,28,4.0,43.0,0.0,2024-11-16,unknown
A-a0ca4e,Company_6,Cybersecurity,US,2024-03-08,ads,Pro,11,False,False,16633,199596,9,176,373,26,6.0,39.166666666666664,3.0,,
A-e5d6ab,Company_7,EdTech,US,2023-04-15,partner,Pro,3,False,False,13048,156576,10,189,382,29,3.0,42.666666666666664,0.0,2024-05-11,competitor
A-7dacce,Company_8,Cybersecurity,CA,2024-09-10,event,Enterprise,12,False,True,23057,276684,10,216,472,27,4.0,32.5,0.0,2024-12-27,budget
A-10b8da,Company_9,DevTools,US,2023-05-08,partner,Enterprise,14,False,True,8787,105444,6,116,257,23,3.0,31.333333333333332,0.0,,
A-592832,Company_10,Cybersecurity,US,2024-09-25,organic,Basic,18,False,True,32571,390852,19,525,1053,38,3.0,32.666666666666664,0.0,2024-10-04,support
A-d40bf7,Company_11,FinTech,IN,2024-11-08,organic,Basic,59,False,False,43247,518964,10,590,562,29,2.0,20.5,0.0,,
A-6c093d,Company_12,DevTools,US,2023-04-14,partner,Basic,7,True,False,16242,194904,12,237,670,30,3.0,40.333333333333336,1.0,,
A-462d45,Company_13,Cybersecurity,US,2024-01-15,partner,Enterprise,11,True,False,23432,281184,12,447,642,34,4.0,26.75,0.0,2024-05-17,competitor
A-956988,Company_14,EdTech,UK,2024-11-30,ads,Enterprise,1,False,False,29407,352884,13,387,658,32,2.0,50.5,0.0,2024-12-30,budget
A-ac14bb,Company_15,FinTech,US,2023-09-08,partner,Enterprise,21,False,False,27746,332952,8,250,531,31,2.0,24.5,0.0,2024-10-01,competitor
A-463db0,Company_16,HealthTech,US,2024-12-05,partner,Basic,15,False,False,13266,159192,7,174,367,25,6.0,50.166666666666664,1.0,2024-12-30,features
A-ce66f8,Company_17,EdTech,CA,2023-08-23,event,Pro,29,False,False,11858,142296,6,182,494,29,6.0,41.666666666666664,0.0,,
A-c4ea60,Company_18,FinTech,DE,2023-03-09,other,Enterprise,18,False,True,14646,175752,9,232,427,28,5.0,36.0,0.0,,
A-832ec2,Company_19,FinTech,UK,2023-11-19,event,Enterprise,4,True,False,9299,111588,8,132,511,31,3.0,26.0,1.0,2024-09-15,pricing
A-684255,Company_20,FinTech,US,2024-04-14,ads,Enterprise,9,False,False,11844,142128,14,209,653,34,4.0,14.25,1.0,2024-07-03,budget
A-c42f1f,Company_21,HealthTech,US,2024-07-28,other,Pro,8,False,False,5175,62100,8,105,337,24,9.0,31.333333333333332,1.0,,
A-4e44e8,Company_22,DevTools,US,2024-08-20,ads,Enterprise,3,False,True,36445,437340,14,348,687,32,3.0,31.333333333333332,0.0,2024-10-11,budget
A-30b4ca,Company_23,EdTech,IN,2024-05-20,organic,Basic,86,False,True,75938,911256,8,688,402,28,3.0,57.666666666666664,0.0,2024-09-01,features
A-9f2731,Company_24,FinTech,IN,2024-10-04,event,Enterprise,1,False,False,3613,43356,7,168,324,23,0.0,,0.0,2024-12-09,features
A-32fb14,Company_25,DevTools,US,2023-03-07,event,Enterprise,26,False,True,10162,121944,9,264,488,27,5.0,34.0,0.0,2024-04-28,budget
A-00cac8,Company_26,HealthTech,AU,2023-09-15,organic,Enterprise,8,True,False,14121,169452,9,138,602,30,2.0,33.0,0.0,,
A-35083d,Company_27,HealthTech,IN,2023-04-28,partner,Basic,19,False,True,32433,389196,16,413,791,29,4.0,49.75,0.0,,
A-eb7fac,Company_28,DevTools,US,2023-10-28,organic,Enterprise,7,False,False,42096,505152,10,324,538,27,4.0,34.0,0.0,2024-07-22,unknown
A-b20d99,Company_29,HealthTech,IN,2023-09-27,other,Basic,20,False,False,11069,132828,7,161,329,22,2.0,61.5,0.0,2024-03-04,features
A-396e5f,Company_30,Cybersecurity,CA,2024-10-02,other,Enterprise,2,False,False,10236,122832,10,176,540,29,5.0,24.8,1.0,2024-11-30,features
A-45ce7a,Company_31,FinTech,US,2023-07-23,ads,Enterprise,16,False,False,8216,98592,7,120,424,21,5.0,45.4,0.0,,
A-08e34e,Company_32,EdTech,US,2024-06-27,event,Basic,14,False,True,21821,261852,11,342,651,34,3.0,43.0,0.0,2024-09-01,competitor
A-8145a0,Company_33,Cybersecurity,AU,2023-04-25,partner,Basic,2,True,False,17260,207120,12,197,693,32,6.0,23.666666666666668,0.0,2023-07-12,features
A-bad8c1,Company_34,FinTech,AU,2023-03-01,organic,Basic,7,False,False,7797,93564,7,223,385,29,1.0,27.0,0.0,2023-10-04,unknown
A-44dc83,Company_35,EdTech,FR,2024-05-12,other,Basic,5,False,False,456,5472,4,91,248,16,7.0,40.857142857142854,0.0,2024-11-29,unknown
A-f446b6,Company_36,DevTools,DE,2023-05-12,ads,Pro,5,True,False,11392,136704,9,148,376,27,8.0,30.75,1.0,,
A-a45270,Company_37,HealthTech,US,2024-06-24,ads,Enterprise,3,False,False,20131,241572,12,279,733,35,4.0,64.0,0.0,2024-11-12,pricing
A-854864,Company_38,FinTech,IN,2024-12-07,event,Enterprise,20,False,False,14759,177108,6,191,248,17,5.0,44.2,0.0,2024-12-24,support
A-1b7577,Company_39,Cybersecurity,US,2024-10-27,other,Pro,4,False,False,8771,105252,11,193,647,33,5.0,27.2,0.0,,
A-05f0e5,Company_40,FinTech,US,2023-05-04,partner,Basic,32,False,False,51109,613308,12,541,706,32,4.0,20.0,0.0,2024-11-25,features
A-9077b0,Company_41,HealthTech,US,2024-08-25,ads,Basic,2,False,False,3565,42780,7,120,493,26,3.0,40.333333333333336,0.0,,
A-7f8241,Company_42,EdTech,US,2023-03-14,organic,Pro,34,False,True,39516,474192,15,538,734,34,1.0,36.0,0.0,,
A-2bc93d,Company_43,HealthTech,US,2023-03-14,event,Basic,14,False,False,32394,388728,13,380,666,33,2.0,12.0,0.0,2024-08-15,competitor
A-f3ff05,Company_44,FinTech,IN,2024-07-06,other,Enterprise,2,False,False,19465,233580,13,207,672,28,3.0,42.666666666666664,0.0,2024-10-20,unknown
A-2d4502,Company_45,FinTech,IN,2024-04-29,event,Basic,7,False,False,29071,348852,10,296,465,29,3.0,26.333333333333332,0.0,2024-05-07,pricing
A-6a4e2d,Company_46,EdTech,UK,2023-04-07,partner,Pro,9,False,False,10394,124728,11,262,597,27,2.0,18.5,1.0,2024-07-19,budget
A-eb7c38,Company_47,DevTools,AU,2024-02-25,organic,Enterprise,5,False,False,38210,458520,15,432,693,33,5.0,22.4,0.0,2024-03-22,budget
A-c37601,Company_48,EdTech,US,2024-10-31,partner,Basic,6,True,False,20475,245700,12,191,489,28,4.0,42.25,0.0,2024-12-17,support
A-3b5cd1,Company_49,FinTech,US,2023-09-12,event,Basic,13,True,False,23676,284112,13,272,523,27,5.0,27.4,0.0,2024-08-30,pricing
A-b2225d,Company_50,FinTech,US,2024-03-08,ads,Basic,47,False,True,19088,229056,12,567,696,34,2.0,42.0,0.0,2024-06-27,budget
A-94f8c9,Company_51,HealthTech,US,2024-03-29,other,Basic,13,False,False,31989,383868,16,317,746,33,3.0,47.333333333333336,0.0,2024-05-02,budget
A-02fac6,Company_52,FinTech,US,2023-04-06,event,Pro,22,False,False,26410,316920,11,280,514,32,6.0,23.333333333333332,0.0,2024-08-21,support
A-c1dfe1,Company_53,DevTools,DE,2023-08-07,ads,Pro,26,False,False,25790,309480,8,230,375,24,3.0,50.333333333333336,0.0,2024-06-06,features
A-32728c,Company_54,DevTools,US,2023-01-03,event,Pro,20,False,True,4498,53976,8,182,418,26,2.0,34.5,0.0,2024-07-19,budget
A-4c38bc,Company_55,HealthTech,UK,2024-03-09,event,Basic,36,False,True,48060,576720,16,576,818,37,3.0,48.333333333333336,0.0,,
A-1b707d,Company_56,Cybersecurity,US,2023-07-14,organic,Enterprise,1,False,False,9332,111984,8,130,399,27,3.0,42.666666666666664,0.0,2023-07-21,competitor
A-6f8ad2,Company_57,EdTech,IN,2024-07-09,organic,Basic,1,False,False,25928,311136,17,401,924,38,4.0,35.25,0.0,,
A-4d1e75,Company_58,DevTools,US,2024-08-21,other,Basic,20,False,False,31390,376680,13,393,477,28,2.0,15.0,0.0,2024-09-05,budget
A-9ee962,Company_59,HealthTech,US,2023-02-28,ads,Basic,9,False,True,9420,113040,9,138,439,25,3.0,37.0,0.0,2024-10-03,support
A-378b99,Company_60,EdTech,UK,2024-09-01,ads,Pro,8,True,False,12116,145392,12,272,565,33,6.0,28.5,0.0,2024-10-12,pricing
A-94d3da,Company_61,HealthTech,US,2023-05-03,other,Basic,41,False,False,22673,272076,12,492,464,29,6.0,26.833333333333332,0.0,2024-04-12,competitor
A-e351e1,Company_62,EdTech,US,2024-09-26,other,Enterprise,33,False,False,3498,41976,5,165,295,18,4.0,17.0,0.0,2024-12-04,budget
A-9badbd,Company_63,Cybersecurity,DE,2024-06-19,ads,Enterprise,5,True,False,32477,389724,13,454,729,33,5.0,30.2,0.0,,
A-7e0a10,Company_64,FinTech,US,2023-11-18,ads,Enterprise,46,False,False,41116,493392,10,484,511,34,5.0,39.4,0.0,2024-09-26,budget
A-118d55,Company_65,Cybersecurity,US,2024-10-22,organic,Basic,8,False,False,23919,287028,12,201,599,29,5.0,24.2,0.0,2024-12-27,pricing
A-526d93,Company_66,HealthTech,FR,2024-04-14,organic,Basic,43,False,False,39201,470412,9,395,565,28,5.0,51.4,1.0,2024-09-25,support
A-f92792,Company_67,FinTech,US,2024-07-04,ads,Pro,1,False,False,18807,225684,14,202,528,32,2.0,45.0,0.0,2024-11-03,features
A-84ebe4,Company_68,FinTech,US,2023-03-12,ads,Pro,18,True,True,27994,335928,11,326,396,27,4.0,29.5,0.0,2024-01-20,budget
A-5b4ebb,Company_69,Cybersecurity,UK,2024-07-10,other,Basic,21,True,True,27803,333636,13,368,692,34,5.0,35.4,0.0,,
A-2922b6,Company_70,HealthTech,US,2024-11-14,organic,Basic,15,False,False,10669,128028,6,151,393,27,2.0,15.5,0.0,2024-12-25,competitor
A-9b9fe9,Company_71,EdTech,AU,2023-09-28,other,Basic,5,False,False,19725,236700,12,331,597,30,4.0,33.5,0.0,2024-09-04,features
A-a8b49c,Company_72,Cybersecurity,UK,2023-10-06,partner,Basic,7,False,False,11567,138804,12,178,545,27,1.0,72.0,0.0,2024-06-17,features
A-9174e0,Company_73,Cybersecurity,US,2024-12-04,partner,Basic,37,False,False,53976,647712,15,609,689,34,2.0,39.0,0.0,,
A-a1bbb6,Company_74,DevTools,CA,2023-04-05,organic,Basic,1,False,False,14402,172824,8,113,366,23,3.0,17.666666666666668,0.0,,
A-c45b23,Company_75,FinTech,UK,2023-12-08,partner,Basic,5,False,False,8504,102048,12,131,581,32,3.0,36.666666666666664,0.0,2024-03-24,support
A-02cd81,Company_76,HealthTech,IN,2024-03-28,other,Basic,44,False,False,32956,395472,14,616,684,31,3.0,17.333333333333332,1.0,2024-04-30,pricing
A-ee42db,Company_77,EdTech,DE,2023-04-25,ads,Enterprise,13,False,False,11567,138804,12,315,511,31,4.0,33.75,0.0,2024-11-12,pricing
A-432483,Company_78,Cybersecurity,US,2023-02-06,ads,Pro,4,False,False,25813,309756,9,191,451,25,1.0,51.0,0.0,,
A-9208f0,Company_79,EdTech,US,2023-05-11,organic,Pro,1,False,True,3511,42132,8,153,538,29,8.0,41.25,1.0,2024-11-09,features
A-98a59a,Company_80,FinTech,UK,2023-08-04,partner,Enterprise,56,False,False,36456,437472,10,652,455,27,3.0,37.333333333333336,0.0,2024-09-11,support
A-fe79a5,Company_81,HealthTech,IN,2024-02-21,ads,Basic,9,True,False,13532,162384,10,114,335,22,4.0,28.5,0.0,,
A-726cfa,Company_82,DevTools,US,2023-07-01,partner,Pro,11,False,False,34782,417384,19,400,993,40,3.0,35.666666666666664,0.0,2024-08-08,support
A-c43359,Company_83,FinTech,US,2024-11-16,organic,Pro,38,False,False,12312,147744,8,304,461,28,3.0,26.666666666666668,0.0,2024-12-19,support
A-271f46,Company_84,DevTools,US,2023-02-09,event,Pro,38,False,True,19604,235248,8,312,373,25,1.0,36.0,0.0,2024-08-09,features
A-157070,Company_85,FinTech,US,2023-11-09,ads,Pro,16,False,False,27506,330072,16,396,696,37,3.0,42.333333333333336,1.0,2024-12-27,features
A-40a557,Company_86,Cybersecurity,AU,2023-12-03,partner,Pro,16,True,False,23324,279888,9,194,402,25,7.0,30.571428571428573,0.0,2023-12-08,budget
A-66224b,Company_87,HealthTech,US,2024-10-18,other,Pro,92,True,False,69184,830208,12,1123,626,34,6.0,39.833333333333336,0.0,,
A-91e948,Company_88,EdTech,AU,2023-01-29,partner,Basic,41,False,False,21894,262728,7,287,404,23,0.0,,0.0,,
A-104f1a,Company_89,Cybersecurity,US,2024-08-17,other,Pro,24,False,False,12617,151404,8,338,438,28,5.0,33.2,1.0,2024-12-11,features
A-7988d1,Company_90,Cybersecurity,US,2023-12-20,other,Basic,33,False,False,10692,128304,9,356,449,31,3.0,35.333333333333336,0.0,2024-12-24,budget
A-faa28c,Company_91,HealthTech,US,2024-01-30,organic,Enterprise,48,False,False,58404,700848,14,690,585,25,4.0,52.25,1.0,2024-08-20,features
A-f25509,Company_92,EdTech,US,2024-03-22,other,Enterprise,32,False,False,16122,193464,5,200,229,17,6.0,42.666666666666664,0.0,2024-11-10,features
A-3a7284,Company_93,FinTech,US,2024-11-17,organic,Enterprise,31,False,False,35519,426228,12,432,609,33,3.0,56.333333333333336,0.0,2024-12-26,unknown
A-3a5ad8,Company_94,HealthTech,US,2023-12-05,organic,Enterprise,9,True,False,28701,344412,13,328,506,27,4.0,44.75,0.0,,
A-65a46c,Company_95,HealthTech,US,2023-11-04,event,Pro,1,False,False,22675,272100,8,248,370,24,8.0,45.125,0.0,,
A-8b25f2,Company_96,Cybersecurity,US,2024-02-17,ads,Pro,6,False,True,14048,168576,13,208,565,29,2.0,35.5,0.0,,
A-fabe19,Company_97,DevTools,UK,2024-11-11,ads,Enterprise,1,False,False,20497,245964,7,137,337,20,3.0,40.666666666666664,0.0,,
A-adc1f3,Company_98,Cybersecurity,US,2024-08-05,organic,Pro,2,False,False,26608,319296,9,158,334,24,3.0,47.333333333333336,0.0,,
A-503d5a,Company_99,FinTech,US,2023-10-21,other,Enterprise,4,False,True,17884,214608,12,247,605,34,9.0,36.55555555555556,0.0,,
A-fd7ad3,Company_100,Cybersecurity,US,2024-11-01,event,Enterprise,1,False,False,3831,45972,10,115,567,31,8.0,48.75,1.0,2024-12-31,support
A-186a44,Company_101,HealthTech,US,2023-08-07,ads,Enterprise,20,False,False,20989,251868,14,311,614,30,7.0,38.285714285714285,0.0,,
A-e888d1,Company_102,Cybersecurity,US,2023-03-28,other,Pro,14,False,False,13646,163752,11,250,552,31,5.0,43.0,1.0,2024-11-29,budget
A-69fad4,Company_103,FinTech,UK,2023-04-06,ads,Basic,6,False,True,8721,104652,7,112,412,24,4.0,43.0,0.0,2024-06-17,support
A-9289f6,Company_104,EdTech,US,2023-05-31,event,Enterprise,1,False,False,13096,157152,12,260,642,33,6.0,37.5,0.0,2023-08-24,support
A-f19409,Company_105,DevTools,US,2023-03-16,other,Basic,23,False,True,34136,409632,12,342,659,33,3.0,6.333333333333333,0.0,2023-05-25,competitor
A-22f2df,Company_106,DevTools,US,2024-12-14,ads,Basic,3,False,False,7451,89412,9,155,429,25,5.0,44.8,0.0,,
A-039727,Company_107,EdTech,AU,2024-11-02,organic,Pro,25,False,False,36420,437040,15,419,768,33,0.0,,0.0,2024-12-22,pricing
A-2e3bad,Company_108,FinTech,CA,2023-08-13,other,Pro,61,False,False,45872,550464,10,610,435,25,5.0,31.4,0.0,2024-03-30,features
A-484819,Company_109,HealthTech,US,2023-02-21,organic,Pro,18,False,False,20604,247248,8,156,336,22,5.0,33.2,0.0,2023-12-29,support
A-425e76,Company_110,DevTools,UK,2023-05-17,other,Enterprise,8,False,True,17111,205332,11,269,438,29,5.0,48.2,1.0,2024-10-22,competitor
A-e83938,Company_111,DevTools,UK,2023-11-21,other,Pro,2,True,True,7503,90036,8,130,266,22,4.0,31.0,0.0,2024-12-29,budget
A-ad296b,Company_112,DevTools,AU,2024-07-15,event,Pro,38,False,False,18430,221160,6,228,294,24,3.0,28.333333333333332,1.0,,
A-e51ec7,Company_113,FinTech,CA,2023-09-23,partner,Enterprise,2,False,False,24076,288912,8,134,417,26,3.0,37.0,0.0,2024-04-07,budget
A-0aaf6e,Company_114,FinTech,US,2024-05-11,organic,Enterprise,3,False,False,24084,289008,9,215,599,25,5.0,45.0,0.0,,
A-e61e98,Company_115,FinTech,US,2023-10-20,partner,Enterprise,19,False,True,13484,161808,9,238,527,32,6.0,30.333333333333332,1.0,2024-10-19,features
A-92a333,Company_116,FinTech,US,2023-03-24,event,Enterprise,9,False,False,10659,127908,6,141,364,22,4.0,23.25,1.0,,
A-95b24a,Company_117,FinTech,US,2023-06-06,event,Pro,38,False,True,25034,300408,11,432,611,32,5.0,21.2,0.0,,
A-42e5e1,Company_118,DevTools,US,2024-07-09,ads,Pro,1,False,True,8916,106992,7,129,411,24,3.0,29.0,0.0,2024-10-04,pricing
A-7d514c,Company_119,HealthTech,DE,2024-02-03,organic,Enterprise,17,False,False,24274,291288,9,200,502,30,3.0,33.333333333333336,0.0,,
A-65aeb5,Company_120,DevTools,US,2024-01-25,partner,Pro,9,False,False,34392,412704,12,237,533,30,2.0,42.5,0.0,2024-12-02,budget
A-e2cd1b,Company_121,DevTools,US,2024-02-04,other,Enterprise,15,False,False,12548,150576,9,302,465,29,5.0,37.8,0.0,,
A-180abf,Company_122,DevTools,US,2023-08-14,event,Pro,64,False,True,37312,447744,9,576,499,29,3.0,36.333333333333336,0.0,2024-09-12,support
A-f17767,Company_123,DevTools,US,2023-01-30,event,Enterprise,1,True,True,16139,193668,14,191,713,35,3.0,36.333333333333336,1.0,2023-05-03,pricing
A-5a184f,Company_124,DevTools,DE,2023-06-19,other,Enterprise,1,False,True,20683,248196,10,266,587,30,3.0,15.333333333333334,0.0,2024-09-11,support
A-7df7a7,Company_125,DevTools,US,2023-01-28,organic,Basic,7,False,True,29155,349860,15,289,922,36,3.0,28.0,1.0,2024-07-10,budget
A-1ac5e0,Company_126,DevTools,US,2024-10-20,event,Basic,33,False,True,18249,218988,10,330,558,31,7.0,40.42857142857143,0.0,,
A-52dd88,Company_127,Cybersecurity,US,2023-02-21,ads,Pro,23,False,False,16592,199104,11,271,516,28,1.0,72.0,0.0,,
A-bece89,Company_128,Cybersecurity,IN,2023-12-01,event,Pro,26,False,False,19250,231000,6,170,176,16,4.0,32.5,1.0,2024-07-27,budget
A-029f69,Company_129,Cybersecurity,CA,2024-03-07,event,Basic,3,False,False,14638,175656,16,220,789,37,2.0,42.0,0.0,2024-12-14,competitor
A-5c046d,Company_130,EdTech,FR,2024-07-06,partner,Basic,93,False,False,83886,1006632,8,744,475,27,1.0,13.0,0.0,,
A-fb186e,Company_131,EdTech,IN,2024-10-27,organic,Basic,29,False,False,5771,69252,3,91,207,15,6.0,26.166666666666668,0.0,,
A-ae052e,Company_132,FinTech,CA,2023-09-11,other,Basic,39,False,False,7693,92316,6,235,300,24,4.0,31.25,0.0,2024-12-14,budget
A-9f9299,Company_133,FinTech,US,2023-09-02,organic,Enterprise,28,True,False,42403,508836,15,457,830,37,5.0,36.2,0.0,2024-10-08,competitor
A-96e141,Company_134,DevTools,UK,2023-08-12,partner,Basic,14,False,False,15468,185616,7,172,346,26,5.0,32.8,0.0,2024-09-22,budget
A-117171,Company_135,HealthTech,FR,2024-09-12,organic,Basic,45,False,True,12015,144180,5,225,208,15,6.0,32.5,1.0,2024-11-14,budget
A-313be3,Company_136,EdTech,US,2023-11-15,partner,Enterprise,47,True,False,19006,228072,11,526,560,33,4.0,22.5,1.0,2024-03-23,competitor
A-671f31,Company_137,DevTools,US,2024-11-24,ads,Basic,59,False,False,30385,364620,6,377,167,13,7.0,33.0,0.0,,
A-bbc346,Company_138,FinTech,US,2024-08-29,partner,Enterprise,19,False,False,33122,397464,13,335,650,34,3.0,45.333333333333336,0.0,2024-11-03,competitor
A-c16101,Company_139,EdTech,IN,2024-09-06,other,Basic,7,False,False,12422,149064,10,158,561,31,4.0,28.0,1.0,2024-12-19,features
A-50f3f7,Company_140,HealthTech,US,2023-12-22,partner,Basic,31,False,True,44077,528924,15,585,685,30,6.0,37.833333333333336,1.0,,
A-7da956,Company_141,Cybersecurity,US,2024-06-02,event,Pro,13,True,False,10963,131556,12,179,543,28,3.0,32.666666666666664,0.0,,
A-019782,Company_142,DevTools,FR,2023-04-19,event,Enterprise,11,False,False,8353,100236,9,123,562,28,2.0,10.0,0.0,,
A-df10db,Company_143,DevTools,US,2023-06-06,other,Enterprise,2,True,False,11730,140760,11,188,697,31,2.0,68.5,1.0,2024-07-12,competitor
A-3932db,Company_144,HealthTech,CA,2023-10-04,other,Pro,19,True,True,14087,169044,9,269,434,28,6.0,41.0,0.0,,
A-4f18f0,Company_145,DevTools,CA,2024-04-21,other,Pro,24,True,False,30264,363168,12,325,544,33,5.0,39.2,0.0,2024-12-01,features
A-4c6f11,Company_146,FinTech,CA,2023-11-27,organic,Pro,24,True,True,7586,91032,5,134,268,20,3.0,44.666666666666664,0.0,2024-10-18,competitor
A-8ae05d,Company_147,FinTech,IN,2024-04-06,other,Enterprise,86,False,False,26230,314760,7,602,203,16,1.0,47.0,0.0,2024-08-30,unknown
A-b78bf8,Company_148,DevTools,US,2024-11-15,event,Pro,33,False,False,22423,269076,8,280,421,24,5.0,24.2,0.0,2024-12-06,unknown
A-eafc6e,Company_149,DevTools,US,2023-07-06,partner,Pro,27,False,True,16229,194748,7,252,300,23,1.0,64.0,0.0,2024-12-12,pricing
A-37f969,Company_150,HealthTech,IN,2023-10-14,partner,Enterprise,30,False,False,22959,275508,8,261,312,25,5.0,22.2,1.0,2024-12-12,pricing
A-10b8f2,Company_151,HealthTech,DE,2023-01-11,organic,Basic,47,True,False,30719,368628,12,632,560,29,3.0,46.333333333333336,0.0,2024-06-04,support
A-439b2f,Company_152,DevTools,US,2024-02-21,ads,Enterprise,1,False,True,1796,21552,6,66,171,14,3.0,18.333333333333332,0.0,2024-11-18,features
A-544d0a,Company_153,DevTools,US,2024-05-02,organic,Basic,2,True,False,18492,221904,10,171,510,27,2.0,38.5,1.0,,
A-ba6516,Company_154,FinTech,US,2023-10-29,ads,Pro,27,False,False,28379,340548,13,398,642,31,6.0,31.5,0.0,2024-03-17,budget
A-712426,Company_155,HealthTech,US,2024-11-10,other,Enterprise,9,False,False,11197,134364,15,343,696,32,6.0,37.333333333333336,0.0,2024-12-23,pricing
A-038089,Company_156,DevTools,FR,2023-12-19,other,Pro,5,False,True,2104,25248,3,46,210,15,6.0,30.166666666666668,0.0,2024-12-25,competitor
A-afa505,Company_157,DevTools,US,2023-12-27,partner,Basic,70,True,False,66010,792120,9,630,507,33,4.0,37.25,1.0,2024-03-02,support
A-d5a319,Company_158,FinTech,US,2023-05-04,other,Enterprise,15,False,True,37847,454164,12,293,604,32,1.0,17.0,1.0,,
A-f97b9a,Company_159,FinTech,US,2023-07-09,event,Pro,16,False,False,23833,285996,11,300,561,29,7.0,31.714285714285715,0.0,,
A-2f6a32,Company_160,HealthTech,US,2024-08-26,organic,Basic,19,False,False,7513,90156,11,255,654,32,2.0,41.0,0.0,,
A-856b1e,Company_161,FinTech,US,2023-10-31,partner,Basic,19,False,False,6321,75852,6,148,230,17,5.0,36.0,1.0,,
A-17939a,Company_162,HealthTech,US,2024-12-26,organic,Basic,1,False,False,9669,116028,11,310,440,25,7.0,38.0,0.0,,
A-d27f50,Company_163,Cybersecurity,UK,2024-07-20,ads,Enterprise,44,False,False,44815,537780,12,533,481,29,4.0,37.5,0.0,,
A-e36807,Company_164,EdTech,AU,2024-05-17,other,Pro,6,False,False,12569,150828,10,316,446,27,2.0,41.0,0.0,,
A-ff79f2,Company_165,DevTools,US,2024-04-25,ads,Basic,8,False,True,27873,334476,9,275,393,24,2.0,50.0,0.0,,
A-5b1bcd,Company_166,DevTools,US,2023-09-16,organic,Pro,73,False,False,133298,1599576,15,1095,869,34,4.0,43.25,0.0,2024-08-07,competitor
A-71615e,Company_167,EdTech,US,2024-05-18,organic,Basic,15,False,False,40713,488556,13,415,620,29,1.0,49.0,0.0,2024-07-16,pricing
A-794a0b,Company_168,HealthTech,DE,2023-06-02,organic,Basic,23,False,False,10575,126900,7,181,347,28,0.0,,0.0,2024-09-09,budget
A-86902e,Company_169,HealthTech,IN,2023-05-02,other,Enterprise,34,False,False,36041,432492,10,367,628,32,9.0,40.888888888888886,0.0,2024-12-07,features
A-0532a9,Company_170,FinTech,IN,2024-09-25,event,Pro,19,False,False,15161,181932,10,209,519,30,8.0,30.75,0.0,2024-10-09,pricing
A-9779ad,Company_171,Cybersecurity,AU,2024-03-29,event,Pro,40,True,True,51680,620160,10,400,413,29,3.0,20.666666666666668,0.0,2024-08-11,competitor
A-f45426,Company_172,HealthTech,US,2024-08-05,organic,Basic,9,False,False,17289,207468,11,218,624,33,3.0,17.0,0.0,2024-11-13,competitor
A-c1e51e,Company_173,FinTech,US,2024-10-02,organic,Basic,3,False,False,23905,286860,10,235,518,28,5.0,40.0,0.0,2024-12-20,pricing
A-fa3095,Company_174,FinTech,US,2023-09-03,ads,Basic,70,False,False,69230,830760,12,840,600,31,5.0,49.2,0.0,2023-12-23,support
A-ad64c6,Company_175,DevTools,UK,2024-02-23,event,Pro,12,False,False,14708,176496,6,146,215,16,4.0,34.0,0.0,2024-07-29,support
A-39b19f,Company_176,FinTech,US,2023-02-03,partner,Enterprise,1,False,False,21237,254844,11,339,530,30,6.0,47.833333333333336,1.0,2023-03-11,unknown
A-56962b,Company_177,EdTech,UK,2024-04-09,partner,Enterprise,163,False,False,54605,655260,7,1141,271,16,4.0,37.5,0.0,2024-08-26,pricing
A-e60f9d,Company_178,FinTech,US,2024-08-26,other,Basic,29,False,False,50817,609804,15,542,629,30,2.0,70.5,0.0,,
A-88c6ca,Company_179,FinTech,DE,2024-10-25,ads,Basic,5,False,True,6449,77388,7,112,446,27,1.0,56.0,0.0,,
A-158f4e,Company_180,FinTech,IN,2023-03-03,other,Enterprise,61,False,False,43859,526308,12,732,453,32,5.0,27.6,0.0,2024-12-04,budget
A-5b051a,Company_181,Cybersecurity,US,2024-08-05,event,Enterprise,22,False,False,2332,27984,4,88,171,14,1.0,2.0,0.0,,
A-296d7c,Company_182,DevTools,DE,2023-11-08,other,Enterprise,2,False,False,1989,23868,7,75,357,21,5.0,50.4,0.0,2024-11-04,budget
A-1619f8,Company_183,DevTools,US,2024-05-20,organic,Pro,29,False,False,19790,237480,7,229,432,27,3.0,42.0,0.0,2024-09-21,competitor
A-a1b80b,Company_184,HealthTech,US,2023-11-27,organic,Basic,16,False,False,34589,415068,16,349,749,33,4.0,41.0,0.0,2024-07-11,budget
A-139c3b,Company_185,HealthTech,US,2024-11-21,organic,Enterprise,10,True,True,9027,108324,8,174,478,27,9.0,28.444444444444443,0.0,,
A-702032,Company_186,HealthTech,US,2023-10-03,ads,Pro,28,False,False,8540,102480,6,168,285,19,4.0,26.0,0.0,2024-06-14,competitor
A-7a0d69,Company_187,DevTools,DE,2024-06-15,ads,Enterprise,4,True,True,10362,124344,11,174,606,31,2.0,29.0,0.0,2024-12-29,budget
A-22d9d2,Company_188,DevTools,FR,2024-03-22,event,Pro,8,False,False,18746,224952,14,324,782,35,6.0,16.0,1.0,2024-10-17,pricing
A-b9eed8,Company_189,Cybersecurity,US,2024-02-23,organic,Basic,11,False,False,16577,198924,11,173,623,29,5.0,29.2,1.0,2024-04-23,pricing
A-dfbd31,Company_190,DevTools,UK,2023-12-04,partner,Enterprise,14,False,False,25079,300948,14,363,599,27,6.0,29.666666666666668,0.0,2024-12-19,features
A-8e47ca,Company_191,HealthTech,US,2024-02-15,organic,Pro,19,False,False,28120,337440,9,190,441,29,5.0,33.4,1.0,2024-12-31,competitor
A-4437e4,Company_192,Cybersecurity,US,2023-09-16,event,Enterprise,3,False,False,17831,213972,16,225,806,37,6.0,34.666666666666664,2.0,2024-06-21,features
A-779e4e,Company_193,HealthTech,US,2023-01-02,organic,Basic,5,False,False,28081,336972,10,289,393,28,5.0,26.6,0.0,,
A-53f4e3,Company_194,Cybersecurity,UK,2024-06-14,event,Enterprise,13,False,False,15072,180864,10,258,410,29,5.0,28.6,0.0,2024-12-06,competitor
A-692f18,Company_195,EdTech,US,2024-03-28,other,Basic,5,True,True,30550,366600,17,270,871,36,2.0,37.5,0.0,2024-12-23,support
A-13466a,Company_196,DevTools,AU,2023-10-22,event,Basic,2,False,True,13343,160116,6,142,205,17,3.0,32.333333333333336,1.0,2024-04-18,pricing
A-1986ca,Company_197,HealthTech,IN,2023-01-30,ads,Pro,20,False,False,27661,331932,7,159,362,26,7.0,36.57142857142857,0.0,,
A-0cc442,Company_198,EdTech,US,2024-07-18,organic,Basic,45,False,False,61935,743220,13,645,765,34,3.0,37.0,0.0,2024-10-23,budget
A-c608c8,Company_199,DevTools,DE,2023-04-27,ads,Pro,3,False,True,9514,114168,8,136,445,29,2.0,59.0,0.0,2024-06-04,support
A-3be56b,Company_200,HealthTech,IN,2023-10-26,event,Pro,3,False,True,17040,204480,12,271,528,28,4.0,40.25,0.0,2024-06-20,competitor
A-354f12,Company_201,FinTech,US,2024-04-28,ads,Pro,1,True,False,8889,106668,4,51,158,14,2.0,56.5,0.0,2024-09-19,competitor
A-68f37c,Company_202,HealthTech,US,2023-07-15,ads,Basic,4,False,False,32270,387240,12,383,624,30,5.0,20.2,0.0,2024-12-18,competitor
A-aa9511,Company_203,DevTools,US,2023-10-10,other,Pro,23,True,False,60970,731640,15,510,625,33,2.0,56.5,0.0,2023-10-17,competitor
A-af0cd2,Company_204,Cybersecurity,IN,2023-01-03,other,Enterprise,19,True,False,6460,77520,11,284,687,31,3.0,54.333333333333336,0.0,2023-10-26,unknown
A-bd4513,Company_205,DevTools,AU,2024-11-06,event,Enterprise,50,True,False,52204,626448,12,616,507,28,3.0,42.0,0.0,2024-12-09,budget
A-c222ab,Company_206,Cybersecurity,US,2024-05-10,other,Pro,32,False,True,18656,223872,7,224,435,27,4.0,39.0,0.0,2024-10-05,budget
A-34d880,Company_207,Cybersecurity,AU,2024-04-11,ads,Enterprise,4,False,False,20964,251568,9,172,474,29,5.0,52.2,0.0,2024-12-20,unknown
A-508199,Company_208,FinTech,AU,2024-01-28,event,Basic,19,False,False,8436,101232,5,103,231,16,3.0,50.666666666666664,0.0,,
A-f03140,Company_209,DevTools,IN,2023-11-22,event,Pro,27,True,False,21075,252900,10,282,595,32,7.0,36.0,0.0,2024-10-03,competitor
A-410e86,Company_210,FinTech,US,2024-11-10,organic,Basic,24,False,False,15960,191520,7,177,292,22,5.0,42.6,0.0,,
A-fa2041,Company_211,HealthTech,US,2024-05-29,organic,Pro,15,True,False,20915,250980,12,262,552,34,1.0,16.0,0.0,2024-07-13,competitor
A-de58ca,Company_212,HealthTech,DE,2023-04-13,organic,Enterprise,15,False,False,23905,286860,11,420,505,28,5.0,30.6,0.0,,
A-05d3b3,Company_213,DevTools,AU,2023-05-28,ads,Basic,9,True,False,12610,151320,13,233,642,32,6.0,31.5,0.0,2024-09-09,unknown
A-249769,Company_214,Cybersecurity,US,2024-04-25,event,Enterprise,4,False,True,15717,188604,13,172,678,31,2.0,39.5,0.0,2024-12-16,budget
A-e43bf7,Company_215,Cybersecurity,AU,2023-03-24,other,Pro,44,False,False,46666,559992,7,334,371,26,5.0,27.4,1.0,2023-06-24,pricing
A-eb2fdc,Company_216,DevTools,AU,2023-11-21,organic,Enterprise,31,False,True,31968,383616,12,402,547,29,5.0,33.6,0.0,2024-05-26,competitor
A-e1462e,Company_217,FinTech,UK,2023-03-12,partner,Basic,15,False,False,12030,144360,7,163,347,26,2.0,39.5,0.0,2024-12-05,competitor
A-cab532,Company_218,DevTools,FR,2023-04-03,organic,Pro,11,True,False,20088,241056,15,360,1005,38,1.0,32.0,0.0,2024-07-10,support
A-9123ac,Company_219,Cybersecurity,DE,2023-06-20,organic,Pro,9,False,False,14751,177012,7,114,386,28,6.0,38.833333333333336,0.0,2024-10-23,competitor
A-6e08f3,Company_220,Cybersecurity,US,2023-02-27,event,Basic,8,False,False,18190,218280,10,172,492,28,2.0,36.5,0.0,2024-02-10,competitor
A-d922bf,Company_221,HealthTech,US,2023-09-08,ads,Basic,5,True,True,17114,205368,7,132,419,24,7.0,39.142857142857146,1.0,2024-12-06,support
A-8ed5dd,Company_222,EdTech,UK,2023-06-29,event,Enterprise,5,False,True,11956,143472,12,154,545,29,6.0,29.0,0.0,2024-11-02,support
A-7c6b6b,Company_223,FinTech,US,2024-11-30,other,Basic,6,False,False,4818,57816,7,102,311,22,5.0,52.2,0.0,2024-12-09,budget
A-3c1a3f,Company_224,DevTools,UK,2023-08-26,event,Pro,1,False,False,14909,178908,12,232,497,31,4.0,33.25,0.0,,
A-b48f73,Company_225,EdTech,AU,2024-11-13,event,Pro,80,True,False,28320,339840,7,560,412,24,3.0,28.666666666666668,0.0,,
A-76fa4d,Company_226,HealthTech,US,2024-11-24,event,Pro,69,False,False,61686,740232,7,483,357,21,5.0,33.4,0.0,2024-12-03,pricing
A-b2af2e,Company_227,Cybersecurity,UK,2024-08-24,event,Enterprise,5,False,False,3112,37344,4,88,174,14,2.0,39.5,0.0,2024-11-14,pricing
A-9bfc9f,Company_228,DevTools,CA,2023-09-14,ads,Pro,53,False,False,15342,184104,9,484,376,23,6.0,35.333333333333336,1.0,,
A-4ae22a,Company_229,EdTech,US,2024-05-09,other,Pro,6,False,True,9432,113184,7,108,369,24,3.0,14.333333333333334,0.0,2024-07-20,pricing
A-fda07f,Company_230,Cybersecurity,FR,2024-08-11,partner,Basic,7,False,False,28418,341016,12,289,681,31,5.0,17.8,0.0,2024-09-13,support
A-de24d5,Company_231,DevTools,US,2024-11-05,other,Enterprise,5,True,False,21327,255924,13,272,537,29,7.0,43.142857142857146,0.0,,
A-977ca0,Company_232,HealthTech,IN,2023-02-20,partner,Basic,6,False,True,30055,360660,16,397,893,38,3.0,64.0,0.0,,
A-ab438f,Company_233,Cybersecurity,US,2024-09-13,ads,Enterprise,13,False,True,16358,196296,8,261,369,25,2.0,33.5,0.0,2024-12-02,budget
A-e89151,Company_234,FinTech,UK,2023-09-14,organic,Pro,8,True,True,21734,260808,9,176,601,30,2.0,41.5,0.0,,
A-40906c,Company_235,EdTech,US,2024-03-27,ads,Basic,92,False,False,64400,772800,12,1104,685,32,5.0,29.2,0.0,,
A-81edc3,Company_236,Cybersecurity,IN,2023-10-30,ads,Basic,5,False,False,17524,210288,12,203,765,33,3.0,52.666666666666664,0.0,2024-12-16,pricing
A-328bd0,Company_237,HealthTech,AU,2023-05-16,partner,Enterprise,18,False,False,15979,191748,13,299,568,30,5.0,46.0,0.0,,
A-b3fe05,Company_238,Cybersecurity,CA,2024-05-28,partner,Pro,8,False,False,24494,293928,9,236,438,29,4.0,48.25,0.0,,
A-09540c,Company_239,Cybersecurity,CA,2023-10-30,event,Basic,67,True,False,23718,284616,6,402,297,20,2.0,28.0,0.0,2024-03-05,unknown
A-e693b6,Company_240,FinTech,AU,2023-05-25,event,Enterprise,55,False,True,34155,409860,12,660,681,31,1.0,1.0,0.0,2024-10-10,budget
A-2446e3,Company_241,EdTech,IN,2024-01-10,organic,Pro,27,False,False,24138,289656,7,189,496,28,3.0,28.666666666666668,0.0,2024-07-29,competitor
A-241e75,Company_242,EdTech,US,2024-07-03,partner,Enterprise,3,False,False,3594,43128,5,96,266,17,4.0,31.5,0.0,2024-12-19,features
A-922109,Company_243,Cybersecurity,US,2024-01-26,ads,Pro,3,False,False,14118,169416,13,209,819,35,3.0,25.333333333333332,0.0,2024-12-17,support
A-ff3c73,Company_244,HealthTech,AU,2023-01-26,other,Pro,21,False,False,4335,52020,9,262,408,29,2.0,35.5,0.0,2024-05-09,competitor
A-8b0451,Company_245,FinTech,UK,2024-09-16,event,Enterprise,41,False,False,31709,380508,10,412,606,32,7.0,26.571428571428573,0.0,2024-12-29,budget
A-331424,Company_246,DevTools,US,2023-11-06,organic,Basic,11,False,False,6776,81312,6,66,214,17,2.0,24.5,0.0,2024-02-21,competitor
A-51ec1b,Company_247,DevTools,US,2023-11-08,ads,Enterprise,7,False,False,11087,133044,6,83,283,19,3.0,52.333333333333336,1.0,2023-12-09,unknown
A-bcf664,Company_248,DevTools,US,2023-05-19,other,Pro,5,False,False,13728,164736,13,295,575,31,5.0,36.0,1.0,2024-10-04,competitor
A-90a8c8,Company_249,FinTech,AU,2024-08-24,organic,Pro,15,False,False,26514,318168,7,207,404,23,4.0,45.0,0.0,2024-08-29,support
A-86cdb4,Company_250,DevTools,DE,2024-09-22,partner,Basic,2,False,False,3551,42612,9,123,492,27,5.0,26.4,0.0,,
A-4bfa33,Company_251,Cybersecurity,US,2024-12-07,event,Basic,8,True,False,5606,67272,7,142,329,23,4.0,16.5,0.0,2024-12-28,unknown
A-dbc825,Company_252,EdTech,FR,2024-01-07,partner,Enterprise,19,False,False,42404,508848,16,435,730,34,6.0,49.5,1.0,2024-02-03,budget
A-c70870,Company_253,Cybersecurity,US,2024-10-22,partner,Basic,31,False,False,39614,475368,7,431,334,23,5.0,35.6,0.0,2024-12-13,competitor
A-7c4956,Company_254,DevTools,US,2023-05-06,ads,Enterprise,5,False,True,3409,40908,8,121,475,27,3.0,13.666666666666666,0.0,,
A-0651a4,Company_255,HealthTech,FR,2024-10-16,organic,Pro,16,False,False,44564,534768,15,402,705,34,4.0,29.25,0.0,2024-12-25,features
A-3ce5b8,Company_256,FinTech,IN,2023-09-07,ads,Basic,8,False,True,16650,199800,9,336,509,29,10.0,42.5,0.0,2024-09-18,features
A-bd4708,Company_257,FinTech,US,2024-07-21,ads,Pro,37,True,False,38975,467700,13,535,653,33,4.0,24.0,0.0,,
A-993085,Company_258,HealthTech,US,2023-06-01,ads,Basic,31,True,False,48456,581472,15,505,665,33,4.0,46.5,0.0,2024-01-21,features
A-92a3af,Company_259,Cybersecurity,IN,2024-07-07,organic,Enterprise,25,False,False,34538,414456,11,362,714,35,4.0,57.5,1.0,,
A-151c9a,Company_260,FinTech,US,2023-01-27,ads,Enterprise,23,False,False,14250,171000,5,150,366,28,2.0,31.0,0.0,2023-11-04,support
A-474ad4,Company_261,EdTech,US,2023-11-28,organic,Basic,8,False,False,12125,145500,15,252,605,34,3.0,33.0,1.0,,
A-4ef964,Company_262,HealthTech,US,2024-03-07,organic,Pro,17,False,False,14279,171348,9,238,487,31,3.0,42.666666666666664,0.0,2024-06-19,budget
A-fd9422,Company_263,Cybersecurity,US,2024-04-04,organic,Pro,58,False,False,28130,337560,9,522,456,27,6.0,44.333333333333336,1.0,,
A-0baac2,Company_264,FinTech,DE,2024-05-30,organic,Enterprise,14,False,True,18500,222000,6,140,202,19,6.0,43.5,0.0,2024-12-24,unknown
A-bb1486,Company_265,HealthTech,US,2024-11-05,organic,Basic,41,False,False,16307,195684,8,383,405,24,3.0,11.0,0.0,2024-11-23,budget
A-560d27,Company_266,DevTools,US,2024-05-05,organic,Pro,23,False,False,41641,499692,12,410,587,27,4.0,30.75,0.0,,
A-0b0d6d,Company_267,DevTools,US,2024-12-30,organic,Pro,3,False,False,33491,401892,13,269,582,32,5.0,31.4,1.0,2024-12-31,competitor
A-2789e3,Company_268,FinTech,US,2024-09-14,partner,Enterprise,11,False,False,24489,293868,12,223,680,33,4.0,47.25,0.0,,
A-b07346,Company_269,HealthTech,US,2024-10-10,partner,Pro,51,False,True,31416,376992,5,255,326,23,3.0,42.333333333333336,0.0,2024-11-12,budget
A-902ef7,Company_270,HealthTech,US,2024-09-03,other,Enterprise,83,False,True,44322,531864,8,664,414,31,2.0,48.5,0.0,2024-09-26,pricing
A-20736a,Company_271,EdTech,IN,2024-03-16,organic,Enterprise,50,False,False,40525,486300,7,375,430,22,4.0,42.25,0.0,2024-03-19,competitor
A-e4bf56,Company_272,HealthTech,IN,2024-10-28,ads,Pro,17,False,True,18926,227112,7,164,339,25,8.0,29.125,0.0,,
A-cea1f0,Company_273,FinTech,US,2024-04-07,event,Pro,8,False,True,12244,146928,10,152,586,28,5.0,42.2,0.0,,
A-ef84cf,Company_274,EdTech,US,2024-03-01,partner,Enterprise,8,False,False,7507,90084,5,81,309,21,5.0,34.8,1.0,2024-11-20,pricing
A-d49cc5,Company_275,Cybersecurity,FR,2023-09-19,event,Basic,50,False,False,13325,159900,8,425,436,27,4.0,32.0,0.0,2024-04-12,competitor
A-67be94,Company_276,EdTech,US,2023-04-04,organic,Enterprise,26,False,False,21930,263160,7,270,416,26,5.0,38.6,0.0,2024-06-30,competitor
A-4e960a,Company_277,FinTech,US,2024-01-17,other,Enterprise,12,True,True,23942,287304,12,247,512,29,6.0,29.166666666666668,0.0,,
A-c37cab,Company_278,Cybersecurity,UK,2024-07-29,event,Pro,13,False,False,29433,353196,12,316,708,32,4.0,33.0,1.0,2024-11-16,competitor
A-533452,Company_279,DevTools,AU,2024-11-12,organic,Pro,9,False,False,20664,247968,11,320,595,32,4.0,32.75,0.0,2024-12-16,features
A-443b7c,Company_280,Cybersecurity,US,2024-09-06,other,Enterprise,1,False,True,24062,288744,16,394,618,28,8.0,29.25,0.0,,
A-1f7acb,Company_281,FinTech,UK,2023-08-06,ads,Basic,64,True,False,46912,562944,8,512,510,26,7.0,41.714285714285715,0.0,,
A-f51f16,Company_282,HealthTech,US,2023-12-25,partner,Enterprise,1,False,False,13310,159720,8,142,384,25,4.0,29.25,0.0,2024-12-07,competitor
A-5a3eb9,Company_283,DevTools,CA,2023-08-20,other,Enterprise,18,True,False,20293,243516,13,397,722,34,3.0,24.0,0.0,2024-06-12,competitor
A-5f2961,Company_284,HealthTech,US,2024-11-22,partner,Basic,4,False,False,10299,123588,7,171,348,22,1.0,53.0,0.0,2024-11-28,pricing
A-417d2f,Company_285,Cybersecurity,IN,2023-07-04,partner,Pro,4,True,False,22933,275196,16,329,722,37,6.0,43.5,0.0,2024-12-30,budget
A-e98302,Company_286,EdTech,US,2023-12-26,ads,Enterprise,16,True,False,12567,150804,6,183,273,21,9.0,44.44444444444444,0.0,,
A-8bde0c,Company_287,DevTools,US,2024-11-04,organic,Basic,12,False,False,34198,410376,18,476,773,34,3.0,25.666666666666668,0.0,2024-12-30,features
A-bcf87c,Company_288,FinTech,US,2024-06-27,event,Pro,10,False,True,21770,261240,11,221,503,26,2.0,63.0,0.0,,
A-54ecc2,Company_289,Cybersecurity,US,2023-06-11,partner,Enterprise,4,False,False,16168,194016,11,146,607,28,5.0,37.4,0.0,2024-11-23,pricing
A-625d0b,Company_290,EdTech,AU,2024-09-02,ads,Basic,9,False,False,11893,142716,11,191,529,32,5.0,48.4,0.0,,
A-fce879,Company_291,EdTech,UK,2024-09-24,partner,Pro,10,True,True,6797,81564,5,128,299,25,2.0,28.0,0.0,2024-12-03,features
A-b07b56,Company_292,DevTools,US,2024-11-08,event,Pro,25,False,True,16984,203808,15,395,633,32,4.0,31.25,0.0,2024-12-24,budget
A-6da850,Company_293,FinTech,IN,2023-10-07,organic,Pro,5,False,False,18559,222708,16,262,714,30,5.0,49.0,0.0,2024-10-25,budget
A-342303,Company_294,EdTech,US,2024-03-16,other,Pro,1,True,False,1695,20340,3,55,141,12,3.0,29.333333333333332,0.0,2024-03-20,features
A-e7a1e2,Company_295,Cybersecurity,US,2024-06-23,event,Enterprise,3,False,False,20042,240504,12,167,703,36,1.0,45.0,0.0,2024-12-11,budget
A-f1f639,Company_296,EdTech,US,2023-02-26,ads,Basic,2,False,False,2919,35028,4,21,139,12,7.0,20.0,0.0,2024-04-07,budget
A-a865bd,Company_297,Cybersecurity,US,2023-09-19,organic,Pro,38,False,False,21022,252264,5,238,230,19,2.0,31.5,0.0,2024-03-18,unknown
A-4e631b,Company_298,FinTech,US,2024-03-16,other,Enterprise,22,False,False,24398,292776,11,264,502,32,2.0,24.5,0.0,,
A-7f6b86,Company_299,HealthTech,US,2023-08-24,partner,Basic,45,True,True,19402,232824,9,433,420,27,7.0,40.42857142857143,0.0,2024-07-10,pricing
A-8adedc,Company_300,EdTech,US,2024-02-11,event,Basic,4,True,True,28328,339936,14,374,583,32,4.0,49.25,0.0,,
A-2edab2,Company_301,HealthTech,US,2023-11-17,event,Enterprise,17,False,False,11390,136680,10,170,487,28,4.0,30.0,0.0,2024-06-23,features
A-149a69,Company_302,DevTools,US,2024-10-17,event,Basic,34,False,False,8058,96696,3,102,208,18,8.0,33.875,0.0,2024-12-04,pricing
A-a6d261,Company_303,FinTech,CA,2023-11-29,other,Pro,9,False,False,38191,458292,14,328,627,36,4.0,40.0,1.0,2024-03-10,unknown
A-443f6f,Company_304,Cybersecurity,US,2024-12-07,organic,Basic,19,False,False,13594,163128,9,196,527,31,4.0,28.0,0.0,,
A-202b67,Company_305,HealthTech,US,2024-03-22,organic,Pro,11,False,False,18168,218016,9,192,447,29,4.0,36.75,0.0,2024-09-14,features
A-00bed1,Company_306,Cybersecurity,US,2023-11-14,ads,Basic,28,True,False,33506,402072,10,342,514,32,4.0,31.75,0.0,2024-01-03,unknown
A-ffc04f,Company_307,EdTech,US,2024-06-06,ads,Pro,13,False,False,20039,240468,15,290,857,37,7.0,17.714285714285715,1.0,2024-08-03,unknown
A-65c341,Company_308,FinTech,US,2023-12-26,ads,Pro,11,True,False,30546,366552,8,215,410,25,5.0,41.4,0.0,2024-12-16,support
A-dcc2f0,Company_309,FinTech,UK,2023-07-22,organic,Basic,15,False,False,17493,209916,15,271,833,35,2.0,27.0,0.0,2024-04-10,features
A-ced9aa,Company_310,DevTools,US,2024-10-05,other,Enterprise,3,False,False,6252,75024,11,78,531,33,7.0,28.857142857142858,0.0,,
A-3d957b,Company_311,HealthTech,UK,2024-04-04,other,Pro,14,False,False,11852,142224,6,158,143,13,3.0,41.333333333333336,0.0,2024-05-05,budget
A-89ee83,Company_312,Cybersecurity,US,2024-10-04,organic,Pro,1,False,True,24907,298884,11,253,565,28,5.0,21.8,1.0,,
A-883b7d,Company_313,Cybersecurity,IN,2024-03-28,other,Basic,17,False,False,30524,366288,12,428,644,35,7.0,25.571428571428573,1.0,,
A-dcc3f1,Company_314,HealthTech,US,2023-12-27,event,Pro,21,False,False,12747,152964,8,204,500,31,9.0,35.666666666666664,0.0,2024-10-10,features
A-c62e55,Company_315,EdTech,US,2023-02-08,partner,Basic,1,True,False,11902,142824,9,208,337,24,4.0,27.5,0.0,,
A-e4144b,Company_316,EdTech,UK,2024-10-22,other,Pro,41,False,False,35424,425088,10,448,439,26,3.0,57.0,0.0,,
A-e40f45,Company_317,HealthTech,US,2024-04-18,organic,Pro,21,False,False,11825,141900,7,176,401,29,7.0,26.714285714285715,0.0,2024-11-09,budget
A-96215d,Company_318,FinTech,US,2024-08-08,event,Enterprise,10,False,False,10312,123744,6,88,347,20,1.0,25.0,0.0,,
A-2b9d3e,Company_319,EdTech,US,2023-06-04,partner,Enterprise,1,False,False,5142,61704,9,119,444,26,3.0,34.666666666666664,0.0,,
A-b7724f,Company_320,HealthTech,UK,2023-03-28,organic,Basic,1,False,False,3222,38664,8,168,380,28,3.0,28.666666666666668,0.0,2024-09-01,competitor
A-310452,Company_321,DevTools,FR,2024-12-25,other,Enterprise,9,False,False,11003,132036,5,86,268,20,5.0,34.2,0.0,2024-12-27,budget
A-eb1312,Company_322,FinTech,US,2024-09-16,partner,Pro,25,False,False,18147,217764,12,363,663,31,1.0,68.0,0.0,2024-10-03,unknown
A-df1e44,Company_323,Cybersecurity,UK,2024-02-23,organic,Enterprise,12,False,False,13107,157284,11,257,420,25,2.0,53.0,0.0,2024-11-20,budget
A-6a7c9d,Company_324,Cybersecurity,US,2024-10-24,organic,Enterprise,26,False,True,13028,156336,5,152,189,15,3.0,34.333333333333336,0.0,2024-11-21,features
A-cbd1a3,Company_325,DevTools,US,2024-11-25,other,Basic,6,False,True,16351,196212,10,177,465,29,4.0,34.5,0.0,,
A-a8d89d,Company_326,EdTech,US,2023-12-08,ads,Pro,13,False,False,29320,351840,12,267,551,32,2.0,44.5,0.0,2024-08-26,features
A-600734,Company_327,DevTools,US,2023-11-14,organic,Pro,29,True,True,18132,217584,13,407,660,33,7.0,52.57142857142857,1.0,,
A-86fc1d,Company_328,DevTools,UK,2024-07-26,partner,Basic,26,False,False,15181,182172,9,277,363,26,5.0,27.0,0.0,2024-08-12,support
A-78f02b,Company_329,HealthTech,US,2024-11-17,event,Enterprise,11,False,False,15081,180972,4,219,211,17,4.0,45.75,0.0,2024-12-09,budget
A-acb7f7,Company_330,EdTech,US,2024-01-06,ads,Basic,32,False,False,32574,390888,12,400,612,33,3.0,41.0,0.0,2024-03-21,competitor
A-712f1c,Company_331,DevTools,US,2023-12-16,ads,Basic,17,False,True,42999,515988,12,379,631,32,6.0,41.666666666666664,0.0,2024-10-24,budget
A-3793ee,Company_332,Cybersecurity,CA,2023-03-21,organic,Enterprise,49,True,False,26705,320460,7,343,352,25,4.0,43.75,0.0,2023-06-16,unknown
A-9a532a,Company_333,HealthTech,US,2024-07-06,partner,Enterprise,11,False,False,10945,131340,4,117,185,16,2.0,57.5,0.0,,
A-2ebb4b,Company_334,HealthTech,US,2023-05-15,ads,Basic,41,False,False,30688,368256,10,434,488,27,2.0,43.5,0.0,2024-12-29,pricing
A-6843f2,Company_335,HealthTech,CA,2024-12-10,ads,Enterprise,21,False,False,16520,198240,9,191,481,24,2.0,36.5,0.0,,
A-c9bb3e,Company_336,EdTech,US,2024-03-24,ads,Pro,5,False,False,15217,182604,10,281,474,27,7.0,27.714285714285715,1.0,2024-10-03,pricing
A-4814a3,Company_337,Cybersecurity,IN,2024-09-17,event,Basic,87,False,True,87957,1055484,11,957,587,35,4.0,18.75,1.0,2024-11-25,pricing
A-b7b7b7,Company_338,FinTech,US,2024-06-30,event,Basic,24,False,True,28558,342696,12,375,571,31,3.0,17.0,0.0,,
A-ccc747,Company_339,HealthTech,FR,2024-01-12,event,Pro,16,False,True,4812,57744,6,124,284,23,4.0,32.25,1.0,2024-09-02,budget
A-bb3bd4,Company_340,HealthTech,US,2024-01-27,ads,Basic,23,False,False,7452,89424,7,161,315,18,11.0,32.72727272727273,0.0,2024-06-30,pricing
A-09316c,Company_341,FinTech,AU,2024-09-11,organic,Enterprise,70,False,False,70000,840000,11,770,566,28,4.0,54.75,1.0,2024-12-05,unknown
A-96bbc6,Company_342,Cybersecurity,US,2024-05-07,organic,Enterprise,39,False,False,30426,365112,8,354,482,30,3.0,51.333333333333336,0.0,2024-12-21,competitor
A-bc4d48,Company_343,EdTech,US,2024-06-12,ads,Pro,35,True,False,12390,148680,7,245,321,24,6.0,41.166666666666664,1.0,,
A-b30291,Company_344,HealthTech,US,2024-04-05,event,Basic,5,True,True,5375,64500,10,160,519,26,1.0,16.0,0.0,2024-09-03,competitor
A-cdf020,Company_345,DevTools,AU,2023-08-16,organic,Pro,23,False,False,18072,216864,8,251,379,25,4.0,29.5,0.0,2024-11-07,budget
A-e6afc1,Company_346,DevTools,US,2023-02-24,ads,Pro,1,False,False,22582,270984,11,335,679,32,0.0,,0.0,,
A-e3bd71,Company_347,Cybersecurity,US,2023-03-25,partner,Basic,31,False,False,41630,499560,11,449,638,32,4.0,30.25,0.0,2023-12-30,support
A-b179bf,Company_348,Cybersecurity,IN,2024-10-27,ads,Basic,43,False,False,17931,215172,5,215,398,23,6.0,24.666666666666668,0.0,2024-12-05,features
A-098560,Company_349,DevTools,UK,2023-10-21,ads,Enterprise,1,False,True,12326,147912,11,217,567,32,2.0,28.0,1.0,2024-09-04,pricing
A-82861f,Company_350,DevTools,UK,2024-04-25,organic,Basic,41,False,False,43633,523596,10,427,462,28,5.0,24.4,0.0,2024-05-17,support
A-94c3cd,Company_351,FinTech,CA,2023-09-20,other,Enterprise,32,False,False,9036,108432,6,210,306,18,4.0,44.75,1.0,,
A-a33200,Company_352,HealthTech,US,2024-09-15,partner,Basic,29,False,False,28913,346956,12,377,517,33,3.0,36.333333333333336,0.0,2024-10-07,features
A-034368,Company_353,EdTech,US,2023-11-05,event,Enterprise,19,False,False,11194,134328,5,125,265,20,5.0,41.2,0.0,2024-08-29,features
A-b54c01,Company_354,DevTools,US,2024-09-29,event,Enterprise,29,False,False,3393,40716,4,116,226,15,5.0,42.6,0.0,2024-10-23,budget
A-d82ef9,Company_355,EdTech,UK,2024-07-02,other,Basic,26,False,True,14327,171924,14,423,679,32,5.0,39.8,1.0,2024-08-06,budget
A-bb2f49,Company_356,Cybersecurity,US,2023-05-28,other,Pro,8,False,False,23990,287880,11,328,618,31,3.0,22.333333333333332,0.0,,
A-1f559b,Company_357,HealthTech,US,2023-09-04,organic,Enterprise,5,True,True,11756,141072,10,224,400,29,5.0,50.4,0.0,2024-09-28,features
A-5a215a,Company_358,EdTech,FR,2024-01-05,other,Enterprise,87,False,False,130152,1561824,18,1566,807,32,4.0,29.5,0.0,,
A-3f9cc0,Company_359,HealthTech,US,2024-06-03,event,Basic,22,False,False,19940,239280,7,162,407,25,5.0,34.8,1.0,2024-12-21,budget
A-f9cc74,Company_360,DevTools,FR,2024-10-12,partner,Enterprise,30,True,False,15557,186684,10,323,484,30,6.0,49.833333333333336,0.0,,
A-ed510f,Company_361,Cybersecurity,IN,2023-01-17,partner,Basic,42,False,False,36162,433944,10,420,493,27,9.0,44.55555555555556,0.0,2023-05-05,budget
A-5c9849,Company_362,EdTech,IN,2024-11-03,partner,Basic,19,False,False,36755,441060,9,332,473,30,4.0,59.5,1.0,2024-11-13,unknown
A-a7bd4b,Company_363,Cybersecurity,US,2023-02-15,ads,Enterprise,5,False,False,6268,75216,11,192,576,29,6.0,36.833333333333336,0.0,2024-10-15,features
A-d4ac0e,Company_364,DevTools,UK,2024-04-20,ads,Basic,18,False,False,27557,330684,19,560,793,38,4.0,21.0,0.0,,
A-ffdfd5,Company_365,EdTech,US,2024-04-13,organic,Basic,3,False,True,14322,171864,10,216,529,29,0.0,,0.0,2024-08-08,features
A-0dbdc6,Company_366,Cybersecurity,DE,2023-02-12,other,Pro,30,False,True,28273,339276,9,307,512,32,4.0,47.0,0.0,2024-04-14,pricing
A-7cfe77,Company_367,DevTools,US,2024-07-10,ads,Pro,69,False,False,12765,153180,5,345,205,16,7.0,30.714285714285715,0.0,2024-12-19,features
A-1f0636,Company_368,EdTech,AU,2024-01-01,partner,Pro,105,False,False,94710,1136520,11,1155,685,32,2.0,38.5,0.0,,
A-40de06,Company_369,Cybersecurity,US,2023-05-08,event,Enterprise,28,False,True,28862,346344,16,521,902,37,3.0,40.333333333333336,0.0,,
A-cb5333,Company_370,DevTools,US,2024-03-26,ads,Pro,33,False,False,26256,315072,16,561,796,36,4.0,30.75,0.0,2024-08-11,features
A-309e54,Company_371,DevTools,US,2024-12-09,other,Pro,15,False,False,28549,342588,11,347,509,28,5.0,23.8,0.0,2024-12-14,support
A-6e7827,Company_372,DevTools,US,2023-03-26,other,Basic,1,False,False,8344,100128,9,136,419,24,2.0,51.0,0.0,2024-04-09,features
A-50bb9f,Company_373,Cybersecurity,US,2024-07-12,organic,Pro,2,False,False,17263,207156,8,187,276,18,7.0,33.285714285714285,0.0,2024-09-12,unknown
A-5fe118,Company_374,Cybersecurity,US,2024-11-07,other,Enterprise,39,False,False,22290,267480,5,279,233,14,1.0,19.0,0.0,2024-12-16,features
A-5247b3,Company_375,FinTech,UK,2024-03-12,partner,Pro,16,True,False,11791,141492,11,261,610,32,5.0,45.8,0.0,2024-10-16,pricing
A-f44180,Company_376,Cybersecurity,UK,2023-02-13,event,Pro,9,False,False,28788,345456,11,224,520,27,2.0,46.5,0.0,2023-04-29,competitor
A-c16cf7,Company_377,EdTech,US,2024-10-16,event,Pro,13,True,False,12274,147288,10,244,577,33,3.0,48.333333333333336,0.0,2024-12-07,budget
A-d42431,Company_378,FinTech,FR,2024-06-09,ads,Enterprise,22,True,False,21160,253920,9,280,457,26,4.0,24.25,0.0,2024-10-12,budget
A-6965e1,Company_379,DevTools,US,2024-11-25,organic,Basic,13,False,False,27765,333180,12,211,627,27,3.0,39.0,0.0,2024-12-09,budget
A-0354fe,Company_380,Cybersecurity,US,2024-10-22,other,Basic,34,False,False,15470,185640,7,238,463,28,4.0,20.0,0.0,2024-11-26,support
A-0a62f5,Company_381,FinTech,UK,2024-09-11,partner,Pro,16,False,False,4861,58332,4,79,244,20,2.0,33.5,0.0,2024-12-27,budget
A-f5641b,Company_382,EdTech,US,2024-03-30,other,Pro,31,False,False,39120,469440,10,331,438,27,4.0,47.5,1.0,2024-06-17,features
A-b44e3e,Company_383,Cybersecurity,UK,2024-02-12,ads,Basic,40,False,False,43521,522252,7,319,387,20,3.0,40.0,0.0,2024-04-14,unknown
A-3b37d9,Company_384,FinTech,US,2023-01-27,event,Enterprise,23,False,False,19435,233220,7,166,451,26,5.0,36.0,0.0,2024-10-13,budget
A-54d94a,Company_385,Cybersecurity,IN,2023-05-01,event,Basic,27,False,False,12557,150684,11,375,582,30,4.0,53.75,0.0,,
A-7f29a7,Company_386,Cybersecurity,UK,2024-09-18,event,Basic,41,True,False,18860,226320,11,451,619,32,1.0,24.0,0.0,2024-10-09,unknown
A-089363,Company_387,FinTech,AU,2023-05-06,event,Basic,2,False,False,21104,253248,14,254,628,30,3.0,35.0,0.0,2023-11-27,pricing
A-524364,Company_388,DevTools,FR,2024-12-31,partner,Enterprise,3,False,False,9552,114624,6,189,237,18,3.0,47.666666666666664,0.0,,
A-855a48,Company_389,EdTech,US,2023-12-22,partner,Pro,14,True,False,30376,364512,8,214,448,26,5.0,39.6,0.0,2024-08-01,unknown
A-756192,Company_390,FinTech,IN,2023-06-11,other,Basic,19,False,False,21400,256800,10,288,617,32,3.0,37.333333333333336,0.0,,
A-49b828,Company_391,FinTech,IN,2023-05-05,ads,Pro,6,False,False,31108,373296,14,268,687,29,3.0,13.666666666666666,1.0,,
A-c7ffc2,Company_392,Cybersecurity,US,2023-01-27,partner,Pro,30,True,False,36112,433344,12,508,640,30,2.0,64.0,0.0,2023-11-11,budget
A-751c58,Company_393,FinTech,UK,2024-07-18,organic,Basic,15,False,False,19597,235164,11,314,574,31,5.0,39.6,0.0,2024-12-16,budget
A-72799b,Company_394,DevTools,FR,2023-11-13,event,Enterprise,20,False,True,17315,207780,10,265,550,31,2.0,33.5,1.0,2024-05-05,pricing
A-812c5b,Company_395,DevTools,CA,2024-02-25,organic,Basic,55,False,True,29884,358608,13,806,866,33,4.0,27.0,0.0,2024-05-11,support
A-69b156,Company_396,EdTech,US,2023-11-21,other,Pro,7,False,True,14293,171516,9,104,360,24,7.0,32.0,0.0,,
A-075038,Company_397,HealthTech,UK,2023-05-12,ads,Basic,17,False,False,18909,226908,14,440,743,32,2.0,43.5,0.0,2024-09-05,features
A-940b8b,Company_398,HealthTech,DE,2024-03-19,organic,Basic,1,False,False,9640,115680,8,192,362,23,3.0,41.333333333333336,0.0,,
A-2d1036,Company_399,FinTech,US,2024-06-14,ads,Pro,69,False,True,64653,775836,13,897,692,31,5.0,37.8,1.0,2024-10-28,budget
A-0f6450,Company_400,FinTech,US,2024-12-27,other,Pro,28,True,True,23800,285600,11,308,539,31,8.0,29.75,1.0,2024-12-30,competitor
A-9affe6,Company_401,Cybersecurity,US,2023-03-22,other,Pro,7,False,False,10636,127632,11,214,473,26,3.0,58.0,0.0,2024-01-12,features
A-80eeb6,Company_402,Cybersecurity,UK,2023-05-09,organic,Enterprise,22,False,False,68489,821868,16,567,725,38,4.0,40.25,1.0,2024-02-09,budget
A-d4e0d4,Company_403,FinTech,US,2024-10-18,other,Basic,117,False,False,138060,1656720,10,1170,488,30,4.0,39.25,0.0,,
A-c7e58b,Company_404,HealthTech,IN,2023-06-25,other,Pro,3,False,False,5384,64608,7,72,343,22,5.0,30.6,0.0,,
A-016043,Company_405,EdTech,CA,2024-07-31,organic,Basic,4,True,False,16516,198192,11,225,490,26,3.0,30.333333333333332,0.0,2024-08-11,competitor
A-bbe56f,Company_406,HealthTech,US,2023-02-16,ads,Enterprise,21,False,False,6025,72300,5,106,232,13,4.0,26.25,0.0,,
A-7c5768,Company_407,HealthTech,UK,2024-03-02,event,Enterprise,3,False,False,3389,40668,9,188,461,27,5.0,28.8,0.0,,
A-751bd4,Company_408,Cybersecurity,UK,2024-07-12,partner,Pro,10,False,False,190,2280,2,45,92,9,6.0,23.166666666666668,1.0,2024-09-22,budget
A-4e0e85,Company_409,DevTools,US,2023-09-08,organic,Enterprise,6,False,False,4544,54528,8,234,288,20,2.0,53.0,0.0,2024-03-14,competitor
A-ad3abd,Company_410,FinTech,US,2023-03-03,event,Pro,44,False,False,16896,202752,7,308,296,20,3.0,13.0,0.0,2023-07-12,competitor
A-e19ff6,Company_411,Cybersecurity,UK,2023-07-28,partner,Enterprise,1,False,False,4910,58920,12,202,456,26,3.0,30.666666666666668,0.0,2024-06-27,competitor
A-7920cc,Company_412,Cybersecurity,FR,2023-11-23,ads,Pro,39,False,False,52089,625068,16,680,601,32,7.0,32.857142857142854,0.0,,
A-5a92e7,Company_413,HealthTech,US,2024-06-11,ads,Pro,4,False,False,12671,152052,19,308,885,37,7.0,45.0,0.0,2024-11-11,budget
A-fdfc91,Company_414,Cybersecurity,US,2023-05-06,ads,Basic,29,False,False,20612,247344,10,427,564,32,5.0,28.8,0.0,,
A-1e50e0,Company_415,Cybersecurity,DE,2023-02-21,other,Pro,19,True,True,13295,159540,5,174,194,17,2.0,20.5,1.0,2024-04-26,budget
A-1e1b80,Company_416,FinTech,CA,2023-09-12,other,Enterprise,50,False,False,48647,583764,12,603,682,34,6.0,43.0,0.0,2024-11-13,competitor
A-659280,Company_417,FinTech,IN,2023-11-17,event,Enterprise,13,True,True,21450,257400,12,289,613,30,4.0,8.0,0.0,2024-11-22,features
A-f6b2fb,Company_418,DevTools,AU,2024-04-23,event,Basic,23,False,False,23359,280308,10,257,524,29,5.0,55.0,1.0,2024-07-11,support
A-cb6cc6,Company_419,DevTools,US,2023-04-03,ads,Basic,13,True,False,2622,31464,7,104,314,21,3.0,16.333333333333332,0.0,,
A-d62e02,Company_420,Cybersecurity,US,2024-08-20,partner,Pro,6,False,False,21324,255888,10,156,344,25,1.0,36.0,0.0,,
A-d535f6,Company_421,DevTools,US,2024-09-03,organic,Basic,12,True,True,7415,88980,9,198,477,26,0.0,,0.0,2024-11-26,features
A-39868b,Company_422,FinTech,AU,2024-03-17,partner,Pro,9,False,False,4194,50328,5,53,305,22,6.0,39.0,0.0,2024-05-24,budget
A-3cc791,Company_423,EdTech,US,2024-01-10,other,Enterprise,6,False,False,8522,102264,8,135,447,28,6.0,48.333333333333336,1.0,2024-10-09,features
A-337bc1,Company_424,Cybersecurity,US,2023-07-19,organic,Pro,30,True,False,19379,232548,7,281,425,27,4.0,32.5,1.0,2023-12-16,support
A-58b9ff,Company_425,DevTools,IN,2024-05-31,partner,Enterprise,2,False,False,22642,271704,13,266,667,28,2.0,66.0,1.0,2024-10-10,pricing
A-bf7919,Company_426,HealthTech,US,2024-11-27,organic,Pro,3,False,False,1560,18720,6,59,262,23,2.0,14.5,0.0,2024-12-17,features
A-1d5444,Company_427,Cybersecurity,US,2024-01-18,partner,Basic,24,False,True,30958,371496,14,370,592,28,2.0,30.0,0.0,2024-06-01,support
A-0f3e88,Company_428,HealthTech,US,2023-07-23,other,Basic,7,False,True,5624,67488,11,153,598,32,3.0,48.0,0.0,2024-08-11,budget
A-7641d3,Company_429,EdTech,US,2023-02-16,partner,Pro,8,True,True,12060,144720,11,237,519,28,5.0,45.2,2.0,2024-06-07,support
A-cd458b,Company_430,DevTools,US,2024-06-15,other,Basic,10,True,False,43291,519492,15,349,864,34,5.0,38.4,0.0,2024-11-07,budget
A-c16b88,Company_431,HealthTech,US,2023-12-02,event,Enterprise,23,False,False,20338,244056,9,245,457,28,3.0,48.333333333333336,0.0,2024-06-01,competitor
A-59f724,Company_432,HealthTech,US,2023-11-03,other,Enterprise,3,True,False,9773,117276,12,250,696,33,4.0,19.25,0.0,,
A-87aa7b,Company_433,HealthTech,US,2024-05-16,organic,Pro,24,True,False,22881,274572,16,473,742,31,3.0,27.333333333333332,1.0,2024-12-26,budget
A-1e6fc3,Company_434,EdTech,FR,2023-12-06,other,Pro,1,False,False,444,5328,4,18,244,19,5.0,23.8,0.0,2024-03-20,pricing
A-39ddf4,Company_435,EdTech,US,2024-12-05,partner,Enterprise,40,False,False,35836,430032,9,364,455,27,5.0,23.0,0.0,2024-12-13,support
A-34ea2f,Company_436,HealthTech,US,2024-08-15,organic,Enterprise,8,False,True,14583,174996,12,276,550,29,8.0,35.25,0.0,2024-10-19,unknown
A-716841,Company_437,FinTech,US,2024-05-06,other,Pro,45,False,False,26234,314808,8,476,344,26,5.0,29.8,0.0,2024-11-13,unknown
A-558c72,Company_438,FinTech,US,2023-06-01,organic,Basic,12,False,False,9171,110052,7,159,296,19,4.0,64.25,1.0,2024-11-28,support
A-b11cd0,Company_439,DevTools,US,2023-01-20,ads,Pro,26,True,True,4806,57672,6,166,278,21,4.0,38.5,0.0,,
A-cc1d8d,Company_440,FinTech,US,2024-12-08,other,Pro,5,False,False,8947,107364,13,224,618,33,5.0,30.2,0.0,2024-12-19,features
A-7f4db3,Company_441,FinTech,US,2023-03-05,other,Pro,4,False,False,26276,315312,15,299,844,36,5.0,16.6,1.0,2023-03-21,support
A-db5e9e,Company_442,DevTools,US,2024-11-09,partner,Basic,4,False,False,9251,111012,8,172,586,29,2.0,66.0,0.0,2024-12-29,pricing
A-cc102e,Company_443,HealthTech,US,2024-04-15,partner,Enterprise,13,False,False,10063,120756,10,170,394,26,4.0,33.25,0.0,2024-11-19,pricing
A-82d8a6,Company_444,Cybersecurity,UK,2024-11-28,ads,Basic,5,False,False,27966,335592,17,397,661,32,5.0,42.2,0.0,2024-12-29,features
A-dec005,Company_445,HealthTech,US,2023-10-13,partner,Pro,21,False,False,30744,368928,10,258,475,31,2.0,59.0,0.0,2024-11-23,support
A-5790f4,Company_446,FinTech,UK,2024-12-22,event,Pro,1,True,False,18926,227112,6,154,321,25,4.0,44.0,1.0,2024-12-31,competitor
A-7c83a1,Company_447,Cybersecurity,US,2024-05-06,partner,Pro,12,False,False,16731,200772,12,218,632,29,4.0,42.0,0.0,2024-05-19,unknown
A-297a2d,Company_448,HealthTech,UK,2023-05-05,event,Pro,27,False,False,14373,172476,5,144,244,23,2.0,32.5,0.0,,
A-4c56c9,Company_449,FinTech,US,2023-12-20,partner,Enterprise,9,False,True,30471,365652,13,290,623,34,5.0,38.6,0.0,2024-04-05,budget
A-cbbe12,Company_450,Cybersecurity,DE,2023-03-22,partner,Enterprise,40,False,False,13081,156972,6,249,178,14,6.0,38.0,0.0,,
A-4a267b,Company_451,FinTech,US,2024-05-05,other,Pro,25,False,False,29687,356244,10,313,498,31,4.0,16.25,0.0,2024-06-17,support
A-bcbe98,Company_452,Cybersecurity,US,2024-07-29,other,Enterprise,46,False,False,21666,259992,11,506,635,34,7.0,38.285714285714285,1.0,2024-11-25,competitor
A-427b69,Company_453,FinTech,US,2024-08-23,other,Basic,17,False,False,19958,239496,10,216,698,32,2.0,31.5,0.0,,
A-0be015,Company_454,FinTech,US,2024-10-15,event,Pro,19,False,False,1178,14136,5,107,297,19,7.0,40.285714285714285,1.0,2024-12-13,unknown
A-054577,Company_455,EdTech,UK,2024-04-28,ads,Basic,2,False,False,44601,535212,16,491,833,36,1.0,46.0,0.0,,
A-bc87bc,Company_456,FinTech,US,2024-07-17,event,Pro,3,False,False,12032,144384,8,101,394,24,7.0,40.57142857142857,0.0,,
A-0f7d77,Company_457,FinTech,IN,2024-10-28,partner,Pro,3,False,False,2326,27912,6,37,298,23,5.0,27.2,0.0,2024-11-09,competitor
A-e7beab,Company_458,EdTech,DE,2023-10-20,organic,Enterprise,5,False,False,11332,135984,7,176,373,22,6.0,36.666666666666664,0.0,2024-04-25,features
A-a09355,Company_459,FinTech,US,2024-08-10,organic,Basic,14,False,False,34140,409680,16,284,788,33,5.0,32.6,0.0,2024-10-18,support
A-31ab9a,Company_460,FinTech,DE,2024-03-03,organic,Pro,3,False,False,15802,189624,7,167,340,19,7.0,43.142857142857146,0.0,2024-09-23,budget
A-0158bb,Company_461,FinTech,DE,2024-05-22,partner,Basic,5,False,False,4070,48840,6,155,364,19,1.0,32.0,0.0,,
A-f19b24,Company_462,Cybersecurity,US,2023-01-10,organic,Pro,29,True,False,2523,30276,3,87,119,12,2.0,35.5,1.0,,
A-798a3f,Company_463,DevTools,FR,2023-10-19,other,Enterprise,12,False,True,14152,169824,9,172,352,19,5.0,33.0,0.0,2024-07-19,support
A-42b791,Company_464,FinTech,AU,2024-05-20,event,Pro,3,False,False,19060,228720,7,190,312,19,3.0,33.666666666666664,0.0,,
A-068fc6,Company_465,EdTech,US,2023-07-17,event,Enterprise,35,False,False,29085,349020,10,350,598,32,5.0,38.8,0.0,,
A-6f50ae,Company_466,FinTech,US,2023-09-21,partner,Pro,19,False,True,26608,319296,14,300,811,35,5.0,31.0,0.0,2024-02-26,features
A-a2485e,Company_467,FinTech,US,2024-08-04,event,Pro,3,True,False,8775,105300,6,135,317,22,0.0,,0.0,,
A-bb1eaa,Company_468,Cybersecurity,US,2024-06-11,organic,Basic,21,False,False,10381,124572,5,109,164,15,6.0,23.5,0.0,2024-08-15,pricing
A-cc98bc,Company_469,DevTools,US,2023-05-24,ads,Basic,32,False,False,21567,258804,10,367,551,29,3.0,4.666666666666667,0.0,,
A-d77f4c,Company_470,DevTools,US,2023-09-25,partner,Pro,4,True,False,48726,584712,14,335,617,31,2.0,31.0,0.0,2024-12-03,unknown
A-ccabf0,Company_471,HealthTech,IN,2023-11-06,organic,Pro,1,False,False,22379,268548,10,186,506,31,4.0,46.25,0.0,2024-10-31,competitor
A-700ade,Company_472,Cybersecurity,UK,2024-10-31,organic,Enterprise,1,True,False,16875,202500,8,165,284,20,4.0,30.25,0.0,,
A-4a4c2d,Company_473,DevTools,US,2023-05-02,event,Enterprise,54,False,False,33966,407592,13,702,587,28,5.0,42.0,0.0,,
A-b7ef83,Company_474,Cybersecurity,UK,2024-05-29,partner,Pro,1,True,False,35868,430416,15,312,738,34,2.0,47.5,0.0,2024-07-24,budget
A-e08cd3,Company_475,FinTech,US,2024-09-21,ads,Pro,67,True,False,71020,852240,11,737,432,30,8.0,30.375,0.0,2024-12-17,competitor
A-19b2c8,Company_476,DevTools,IN,2023-06-06,other,Pro,20,False,False,26703,320436,13,287,601,31,3.0,29.333333333333332,0.0,2024-08-16,pricing
A-970c97,Company_477,HealthTech,DE,2024-03-01,other,Enterprise,14,False,False,15381,184572,8,159,444,26,1.0,61.0,0.0,,
A-6dee43,Company_478,FinTech,UK,2023-08-12,other,Basic,3,True,False,22770,273240,11,281,461,28,5.0,44.2,0.0,2024-01-14,pricing
A-5ed98d,Company_479,DevTools,US,2024-06-22,partner,Basic,24,False,False,15478,185736,8,240,312,23,5.0,35.8,0.0,2024-10-02,competitor
A-c58f49,Company_480,EdTech,US,2024-07-31,other,Enterprise,70,True,False,70980,851760,7,490,363,24,3.0,36.333333333333336,1.0,2024-09-21,competitor
A-9c18c4,Company_481,HealthTech,US,2023-07-27,ads,Pro,11,False,True,17823,213876,10,128,556,30,4.0,42.25,0.0,,
A-cc8c8f,Company_482,DevTools,US,2024-06-16,ads,Enterprise,23,False,False,15600,187200,7,191,268,20,2.0,14.5,0.0,2024-09-12,budget
A-5f7781,Company_483,DevTools,US,2024-08-20,other,Pro,22,False,False,10252,123024,5,173,183,16,2.0,28.5,0.0,2024-12-25,pricing
A-e1b9cd,Company_484,DevTools,US,2023-02-26,event,Pro,40,False,True,37042,444504,15,698,840,34,1.0,35.0,0.0,2024-10-01,unknown
A-ac85cd,Company_485,EdTech,US,2024-07-31,partner,Enterprise,53,False,False,41267,495204,12,676,634,30,3.0,33.666666666666664,0.0,2024-12-13,features
A-d792a6,Company_486,DevTools,US,2023-01-23,organic,Enterprise,4,False,False,23049,276588,15,281,690,32,5.0,40.6,0.0,2024-08-13,competitor
A-ac9111,Company_487,HealthTech,US,2023-08-12,event,Pro,21,True,False,26626,319512,16,426,808,36,3.0,24.666666666666668,0.0,2024-06-25,budget
A-18793f,Company_488,EdTech,US,2024-12-18,organic,Basic,148,True,False,78588,943056,11,1628,486,30,5.0,45.2,0.0,2024-12-30,support
A-9f0b68,Company_489,EdTech,US,2024-04-28,ads,Basic,10,False,False,28518,342216,12,240,709,36,3.0,30.333333333333332,0.0,2024-11-01,features
A-d3c88e,Company_490,DevTools,US,2024-10-18,event,Pro,16,False,False,26183,314196,13,259,644,33,3.0,58.0,0.0,2024-11-18,support
A-ccb686,Company_491,DevTools,US,2024-01-22,other,Basic,10,False,False,21541,258492,12,275,721,35,1.0,67.0,0.0,2024-11-24,budget
A-118f1c,Company_492,Cybersecurity,US,2024-10-31,other,Pro,32,False,False,52160,625920,8,352,369,22,1.0,64.0,0.0,2024-12-17,budget
A-0e966d,Company_493,FinTech,IN,2024-06-25,ads,Basic,11,False,True,12445,149340,11,260,636,31,3.0,31.666666666666668,1.0,,
A-b9f5b1,Company_494,Cybersecurity,US,2023-01-24,other,Pro,15,True,False,7072,84864,7,184,307,21,6.0,31.833333333333332,1.0,2023-07-21,features
A-8ae3fc,Company_495,DevTools,CA,2024-06-28,ads,Pro,9,False,False,4447,53364,8,221,402,26,4.0,39.5,0.0,2024-08-10,budget
A-55f257,Company_496,FinTech,US,2023-12-21,organic,Basic,9,False,False,12137,145644,10,188,476,31,6.0,43.166666666666664,0.0,,
A-d26ab4,Company_497,DevTools,UK,2024-11-07,organic,Basic,9,False,True,16613,199356,9,202,458,24,2.0,49.5,0.0,2024-12-26,pricing
A-712533,Company_498,EdTech,US,2023-07-31,organic,Pro,18,False,False,19382,232584,12,341,571,32,5.0,37.4,0.0,2024-07-18,unknown
A-781cc0,Company_499,EdTech,US,2024-09-04,organic,Pro,12,False,False,18315,219780,16,265,864,31,4.0,57.5,0.0,2024-12-09,budget
